"pub","rev","man","sta","typ","income","com"
1,14.4673424118955,7,5,1,12.6000003814697,0.475848153843881
2,15.0402550764708,6,8,1,9.97999954223633,0.399431820028121
3,14.876163245353,6,7,0,10.3000001907349,0.940612837175794
4,16.8289842033775,8,6,1,8.89999961853027,0.312736915931401
5,10.7939410660801,4,5,0,9,0.721575163269272
6,12.3502217426957,5,8,1,8.89999961853027,0.523947678265566
7,15.1752287588377,6,8,0,9.69999980926514,0.669117158890765
8,12.7877043386472,6,2,0,8.89999961853027,0.480037319458739
9,14.5155887195357,7,7,0,9,0.485402913332833
10,13.2237358737491,5,7,1,12,0.425104477239532
11,15.816116226451,7,6,1,9.80000019073486,0.640257552057218
12,16.318095880389,7,2,0,7.90000009536743,0.321544286229086
13,15.9156614582772,6,9,1,9.80000019073486,0.687693478097883
14,10.7161025414564,4,5,1,12,0.388399096092513
15,11.8092521487646,5,5,1,10.6000003814697,0.485657506409345
16,18.7029017232895,8,8,1,12.6000003814697,0.633124572072349
17,14.9662510474617,7,4,1,8.89999961853027,0.518116191192116
18,15.3104863148401,6,8,1,12.3000001907349,0.633093144057083
19,15.25323076543,7,6,1,8.89999961853027,0.441920817638432
20,14.7055081597069,5,5,1,12,0.575027474025816
21,9.92969000615421,4,3,0,10.8000001907349,0.491032581384791
22,14.4944003957941,6,5,0,9.97999954223633,0.389712486429594
23,13.4613759886421,6,4,0,11,0.380810327774358
24,16.0717232610619,7,7,1,10.8000001907349,0.337011453304925
25,18.4263670076591,8,7,0,10.34,0.729836016064723
26,12.1138044932523,5,3,1,10,0.565138709671115
27,15.4596884079318,6,6,1,11.3999996185303,0.391814902303278
28,14.6279087773218,7,5,1,10,0.439156330951682
29,11.1195693584244,5,7,1,10.6000003814697,0.377342397473602
30,13.2720588627339,6,7,1,11,0.395070515622147
31,14.5246839052709,6,5,0,13,0.45429953905744
32,12.9628558913755,6,2,1,11.3999996185303,0.45305219556908
33,15.5538959672646,7,6,0,7.90000009536743,0.722778698412186
34,15.4184542791014,7,8,1,8.30000019073486,0.333962871233256
35,10.9835587134137,5,5,1,12,0.302783725562272
36,14.0249898077619,6,6,1,12,0.387267168804277
37,14.5787781239104,6,3,1,12.3000001907349,0.525975722808481
38,17.1574436849786,7,8,1,10,0.52698980296583
39,14.2407639599477,6,3,0,9.69999980926514,0.51514685368334
40,12.879339481861,6,3,0,13,0.447572955091663
41,13.8009185167019,6,7,0,8.30000019073486,0.563137193755159
42,13.9098409285649,5,6,0,12,0.43734123943475
43,11.7780366269205,5,2,1,11.5,0.550321329646778
44,15.4391031540231,6,3,1,12,0.494460288126894
45,15.4141658138735,7,6,0,11,0.369987386211471
46,18.5101607250815,8,7,0,10.3000001907349,0.425395360946519
47,14.7753776972848,7,8,1,8.89999961853027,0.677834131319254
48,14.163187534285,7,5,0,7,0.120189137088573
49,15.4407204609901,7,6,1,8.89999961853027,0.825832882137259
50,16.7654454469302,6,9,1,9.80000019073486,0.702821967265865
51,15.2993498345592,6,8,0,9,0.637556832699169
52,13.9719277589942,7,1,0,10.34,0.791028467174597
53,13.0314516187278,5,5,0,13,0.520125013897579
54,13.0992840975675,6,6,1,8.89999961853027,0.618553101954427
55,12.2809210761216,5,4,0,8.89999961853027,0.413434109834415
56,18.0772863966428,8,9,1,9.69999980926514,0.508377181010097
57,13.6877082443659,6,3,0,10.34,0.557551060197241
58,13.2436624816245,6,5,1,12.3000001907349,0.454575431894141
59,13.5986736975502,6,3,0,8.89999961853027,0.573642284154375
60,16.7391960272181,6,8,1,8.89999961853027,0.847566795172485
61,18.2418060693349,8,6,0,8.89999961853027,0.322323122037834
62,15.8902690319984,8,6,1,10.1999998092651,0.73475151247078
63,18.3450696142944,7,7,1,14.3000001907349,0.420206066091237
64,11.7216722968483,5,3,0,12.3000001907349,0.312023529529199
65,11.536352827484,5,7,0,9.97999954223633,0.400529509329005
66,14.8704924311355,7,5,0,8.89999961853027,0.796001027479993
67,16.5000827745083,7,6,1,10.1999998092651,0.232260571307118
68,12.1092485484284,5,2,1,13,0.254856227802224
69,12.5164365908563,5,6,0,8.30000019073486,0.67530728697336
70,15.9479820096814,7,5,1,8.89999961853027,0.220000257110808
71,10.8553076823141,5,2,0,9,0.820150767655523
72,14.3310467424678,5,7,1,10.8000001907349,0.852436221571924
73,16.4697731676794,7,6,1,9.69999980926514,0.697562699024081
74,14.9058981156751,6,8,0,10,0.35277955254228
75,15.8386205099129,7,8,0,13,0.187344396222467
76,13.6728476182874,6,7,0,8.89999961853027,0.375176359496554
77,12.6765066528046,5,7,0,9.69999980926514,0.544417229173249
78,11.9914381862718,5,4,0,10.8000001907349,0.335368816368256
79,11.7906960186392,5,5,0,11.5,0.476870831923368
80,12.1926065728084,5,3,0,9.89999961853027,0.700363424339608
81,16.1531896293323,8,6,0,12,0.313201194122088
82,14.6331676021296,6,5,0,10,0.290451905119451
83,11.6317401477455,4,6,1,11,0.697729028282688
84,16.5758350052669,7,7,0,10.3000001907349,0.437758804114507
85,13.2422840844159,6,5,0,10.8000001907349,0.872874848837044
86,15.1401277186222,5,7,1,10,0.495903756464357
87,9.20599950340273,4,6,0,7.90000009536743,0.394565187558974
88,12.5815429878141,5,7,0,12.3000001907349,0.776537499923561
89,12.1653107926974,5,2,0,10,0.611772244504118
90,14.5197634066985,6,7,0,9.97999954223633,0.243672776275565
91,17.4240571733087,7,8,0,10.6000003814697,0.35907489060508
92,14.1541877600357,5,8,0,12.3000001907349,0.323687538261306
93,17.7481951158686,7,5,0,7.90000009536743,0.558060664872837
94,14.4813659816057,7,7,1,8.89999961853027,0.463010905918598
95,13.0013236465569,6,4,1,11,0.429594596864132
96,14.7835721218138,7,6,0,9,0.445665790953463
97,15.4331205238723,7,5,1,12,0.711888570871669
98,12.819672164947,6,7,0,10,0.489488870237378
99,8.82453563933746,4,5,0,12,0.652322548270674
100,13.2566350839606,5,6,0,12,0.460626250570767
101,12.626752898084,5,7,0,12.3000001907349,0.461854672307896
102,16.7557299674318,7,9,0,10.8000001907349,0.600252248193687
103,13.4714355028915,6,6,1,8.89999961853027,0.400111443313405
104,14.2155564473984,6,8,0,11.5,0.498521632882827
105,13.04080482693,6,7,0,12.3000001907349,0.781271308796937
106,14.3947867738804,6,7,0,8.30000019073486,0.418982702114548
107,15.3775423267125,7,5,0,10,0.902192676849508
108,14.9062039524523,6,7,0,11,0.515818863821756
109,12.8088209002099,6,4,0,11,0.512819971999514
110,17.0980001944441,7,8,1,12.8999996185303,0.48112892457975
111,16.528326292458,7,8,0,9.80000019073486,0.400802080226655
112,14.6717718991173,7,5,0,12,0.620472784991
113,16.3502507160996,7,4,1,10.34,0.704884276793467
114,16.7852133346715,6,7,1,8.89999961853027,0.839814878403253
115,14.9639819241156,6,7,0,12.8999996185303,0.645967975493788
116,11.7489632462586,6,4,1,10,0.348942576698163
117,13.2013149512239,5,6,1,9.69999980926514,0.316181224033509
118,15.6538489884687,7,6,1,10.6000003814697,0.433988264878649
119,15.637102103806,7,7,0,13,0.418437703479638
120,14.682099447778,6,5,0,10.8000001907349,0.524334033040575
121,14.3643829811814,6,5,1,13,0.780150565422029
122,14.6481411080414,7,2,1,13,0.436574217709705
123,12.4724132323205,5,6,0,10.3000001907349,0.511329898719583
124,14.1633990622195,7,5,0,9.97999954223633,0.339559708391331
125,11.2537841645468,5,5,0,9.89999961853027,0.69254389431752
126,12.9967517420067,5,5,1,13,0.635135768480628
127,15.0235343198005,7,7,1,10.8000001907349,0.51495665122022
128,12.333998749875,5,2,0,13,0.295607684345349
129,17.5650983521705,8,6,1,12,0.410257703138972
130,16.5933314299503,8,7,1,9.97999954223633,0.484933560815756
131,11.709624398493,6,2,1,10.6000003814697,0.539665959065034
132,13.6476342652452,5,7,0,13,0.54492843302721
133,16.2725953120246,7,7,0,8.89999961853027,0.524768326558507
134,12.9895063990767,6,5,1,7.90000009536743,0.707038224337282
135,16.8749505044602,7,5,1,10.8000001907349,0.454905208363913
136,16.6743876104722,7,9,0,8.89999961853027,0.467653095124706
137,13.7815523642526,6,7,0,12.3000001907349,0.470041220514929
138,12.7602335057249,5,7,1,10.8000001907349,0.404459476972571
139,17.6333147156544,8,5,1,13,0.350852305561994
140,13.5314228239814,6,8,0,9.97999954223633,0.584817679655521
141,16.8236737596945,7,5,1,10.3000001907349,0.790528338801012
142,12.3166506730338,5,5,0,7.90000009536743,0.253325595828363
143,13.5308676812807,6,6,0,13.5,0.645318553388894
144,14.5666307607017,6,5,1,8.89999961853027,0.441428542130374
145,15.9128339173298,6,3,1,13,0.53081328988908
146,14.8843710113675,5,6,1,12,0.349934133402032
147,13.1087010547247,5,5,1,9.89999961853027,0.546477828901895
148,12.4489906499407,5,6,1,9,0.590489745648554
149,13.423389954098,5,7,1,8.89999961853027,0.522012588489975
150,12.6031180825885,5,6,0,9,0.510439731364694
151,17.1267128878999,8,7,1,12,0.794478540631265
152,16.141853224317,7,7,0,7.90000009536743,0.235611176113295
153,15.9789003342231,6,6,0,11.3999996185303,0.367512247656205
154,16.497097809473,8,8,0,10,0.585497436006256
155,16.5926742557803,6,5,1,10.8000001907349,0.641865899411297
156,14.6421154800397,7,7,1,9,0.593735674473426
157,14.2493696188014,6,5,1,8.89999961853027,0.474928110361668
158,15.131647928791,6,7,0,12.6000003814697,0.552570042560381
159,14.9331617384874,7,5,0,9.97999954223633,0.531525853266751
160,15.4023689975477,7,6,1,8.89999961853027,0.44338185472273
161,15.5146331878558,5,7,1,11,0.436217703616083
162,14.4001185891799,5,6,1,12,0.500155166156839
163,13.6294747777253,6,5,1,9.89999961853027,0.447938459827805
164,15.2470878377262,6,9,1,10,0.534232340362094
165,12.9577379465434,6,6,0,12.8999996185303,0.535079224318239
166,12.6841505874329,6,5,0,9.89999961853027,0.521794813793176
167,13.416951106094,6,5,0,12.3000001907349,0.47679189457492
168,19.4913633396952,8,7,1,11.3999996185303,0.933948840256478
169,16.5972809396474,7,7,0,12.3000001907349,0.277081425303364
170,13.4559506388533,6,4,0,10.1999998092651,0.459256871077922
171,10.833596590333,5,2,0,11,0.445717414247709
172,18.6185179504002,9,8,1,9,0.479227074921976
173,10.0614805172472,4,4,0,12,0.493990077143261
174,17.9721649565541,8,8,1,10.8000001907349,0.431846241871964
175,15.4033986283451,6,8,1,11,0.400717766115948
176,11.0415716196668,5,7,0,12,0.416967758109031
177,18.8437020148108,8,7,1,10.34,0.540665139514245
178,15.4042802011691,6,8,0,9.97999954223633,0.610724237716283
179,9.93170203119718,4,2,1,13,0.383078027055537
180,14.4995319464369,6,6,1,10.34,0.659587524443154
181,14.5676425944657,7,5,1,13,0.492824495794617
182,14.2143179140409,6,6,1,9.89999961853027,0.475660083868878
183,17.9271458709221,7,8,0,12,0.484556322995904
184,13.8634551138574,7,3,0,11.3999996185303,0.358741088504323
185,13.0499761486599,6,4,1,9,0.4083233508134
186,14.2688189099891,6,5,0,9.80000019073486,0.505753031788852
187,7.79156238251253,4,2,0,12.8999996185303,0.405498869973614
188,15.9390626405629,7,7,1,8.30000019073486,0.391865373355028
189,16.8589886837836,7,6,0,9,0.414278472972849
190,15.0895638261101,7,5,1,11.3999996185303,0.56037523723052
191,12.3005532305588,5,5,0,8.89999961853027,0.571775496797401
192,14.3975155937639,6,5,1,8.89999961853027,0.491459458632079
193,13.3717280540233,6,6,0,10.8000001907349,0.283365807093129
194,17.438837988858,8,7,0,13.5,0.583854560716915
195,13.1058694283969,5,7,1,10,0.712703102564363
196,17.1339850245862,6,7,0,7,0.575444852107915
197,14.1160528272988,7,6,0,10.1999998092651,0.667013966896259
198,17.5245207747346,7,7,1,12.3000001907349,0.604008977941455
199,18.6290360469111,8,4,0,11,0.402338052916589
200,15.7405307304824,7,7,1,10.8000001907349,0.374025412151108
201,16.4570728638466,7,5,1,13,0.402408933403716
202,9.66010660665961,4,6,0,9.69999980926514,0.796528709326743
203,15.2193163611562,7,7,1,10,0.632036227479344
204,16.5153163359611,8,6,1,9.97999954223633,0.621934999997817
205,15.7728874753351,6,6,0,12.3000001907349,0.354539476419086
206,15.723047738662,6,8,0,12.8999996185303,0.481112780977729
207,14.0607862410051,6,2,0,11,0.566272889564327
208,15.4764319894132,7,7,0,12,0.112097599805384
209,13.5992618456616,6,5,1,8.89999961853027,0.304000454004962
210,14.3927272043383,6,4,0,10.3000001907349,0.653389139293226
211,12.9603017209896,6,2,0,9,0.353994302743714
212,14.0694659030915,6,6,0,10.34,0.299474341543846
213,14.0689528008488,6,6,0,13.5,0.391899802114234
214,15.3980741149934,7,6,0,10.3000001907349,0.528993793265276
215,17.520300038999,8,6,1,8.30000019073486,0.746590485741268
216,14.4102117097181,6,8,1,9.80000019073486,0.529810955021905
217,14.2272849497914,6,7,0,9,0.587822379663917
218,10.166119876507,4,2,0,9.80000019073486,0.633873813520212
219,14.2269679200793,6,8,0,8.89999961853027,0.556738353043927
220,13.4417814012398,7,3,0,9.69999980926514,0.527415779994179
221,15.4167684976755,7,6,1,8.89999961853027,0.478854261829894
222,13.3765975187439,5,5,0,13,0.441361317595708
223,12.3792041073068,5,4,0,11.3999996185303,0.417125481960449
224,15.3299498578439,6,6,1,12.8999996185303,0.478126384567631
225,12.72254968008,5,5,0,8.89999961853027,0.443890342119083
226,14.9040113578419,6,8,1,11,0.587026550256331
227,15.3971525335761,7,6,0,10.34,0.309119276369763
228,11.3442313296381,5,4,0,12.8999996185303,0.25562868545743
229,18.974618180217,8,8,1,13.5,0.671041968376199
230,9.31304043436833,3,2,1,10,0.39591193129106
231,18.3850325697607,9,7,1,9,0.573440960069402
232,15.6981901316252,6,7,1,9.80000019073486,0.549438387814272
233,10.7344570754374,5,5,0,8.89999961853027,0.290539846481782
234,14.0636747743915,5,5,0,9,0.649460778909156
235,18.5752268191768,8,8,0,11.3999996185303,0.402045529471173
236,12.9161642607606,5,5,1,8.89999961853027,0.618018018055202
237,14.64578906248,6,7,1,12.6000003814697,0.543990881633314
238,17.2081459232951,7,8,0,10,0.412526633431396
239,17.2025945066706,7,8,1,10,0.563777883890024
240,13.4496535834309,5,5,0,12,0.552048299291562
241,14.3381755416954,6,6,0,12.3000001907349,0.7546449405254
242,12.7179571323741,5,6,0,13,0.482493490490946
243,13.4767911909165,6,7,0,10.6000003814697,0.394115792774048
244,13.5002944384525,6,6,0,8.89999961853027,0.584796291886096
245,13.0235107280991,6,4,1,11.3999996185303,0.571704706951315
246,16.0500023831657,6,6,0,12,0.519496268717209
247,14.4742965695756,5,8,0,12.6000003814697,0.437109897510648
248,17.2715670375147,8,7,1,9,0.661945303410901
249,17.2167035149974,7,6,1,8.89999961853027,0.55829414062398
250,16.1725968507591,7,6,1,13.5,0.160901250007787
251,15.4355301693475,7,7,1,13,0.326507671903898
252,13.7035837213545,6,5,0,8.30000019073486,0.521991730478684
253,16.3836337351255,7,5,1,10,0.967691887207846
254,14.7083628295921,6,8,0,10.8000001907349,1.09986016829592
255,13.5662463110077,6,2,1,11.5,0.584083208286134
256,15.7936832179389,8,5,1,9.80000019073486,0.2840145456874
257,16.1316644386139,6,7,0,12.3000001907349,0.145525162909284
258,13.5819883608288,6,6,1,9.80000019073486,0.661251354886753
259,15.9886570955813,6,8,0,9.80000019073486,0.524744173938007
260,15.3102582036228,7,7,0,10,0.754285607001604
261,14.0493275323961,7,3,0,12.3000001907349,0.45918816979923
262,20.1764350106144,8,7,0,13,0.293010252755741
263,13.1322968424168,5,4,0,13,0.515526584763288
264,14.0625359155565,6,5,1,12.3000001907349,0.407197375636996
265,14.2772879031708,6,7,0,10.8000001907349,0.234493658972217
266,12.6784933011935,5,5,0,13,0.417712808750755
267,17.8218953532096,8,6,1,9.69999980926514,0.475550736310953
268,16.2587037588405,6,5,1,14.3000001907349,0.596985525264927
269,15.9197842380136,7,7,1,10.8000001907349,0.552014262399065
270,14.9933341289902,6,8,1,8.89999961853027,0.4597194318983
271,16.7794379590582,7,8,1,9,0.669386046147723
272,9.62348436347693,4,2,0,10.6000003814697,0.632470047252379
273,15.8027392068258,7,7,1,9.80000019073486,0.457748343302561
274,11.170160029731,5,2,1,9.80000019073486,0.598954731435737
275,11.2717850738089,5,2,0,8.89999961853027,0.539186701304905
276,12.4614102524311,4,6,0,9.80000019073486,0.379507581578044
277,13.853829366931,6,6,1,13,0.585636026092661
278,18.0493736426388,7,7,1,13,0.478555101180442
279,14.6299614606814,5,9,0,8.89999961853027,0.414103788352193
280,13.5617878363651,5,5,0,11.3999996185303,0.652369972325071
281,12.6453820957031,5,6,0,12,0.599916057168028
282,17.9038872440426,8,8,0,11,0.393986536387644
283,14.5149915601149,6,6,0,8.89999961853027,0.440454856350422
284,11.7764063834308,6,6,0,13.5,0.299212556036503
285,14.9078599604765,6,6,1,8.89999961853027,0.482943443933092
286,15.5769764538896,6,7,0,9.69999980926514,0.369662962586813
287,17.0829236063245,7,7,1,9.89999961853027,0.729520805391541
288,14.5547304109098,7,4,1,9.97999954223633,0.375007730529728
289,13.4889745181078,6,5,0,11.3999996185303,0.46507809331542
290,15.8821195589623,8,5,1,12.3000001907349,0.395190337164523
291,18.2150222227814,8,5,0,9,0.669860116950709
292,16.5345235609466,8,5,1,12.3000001907349,0.725024280526129
293,13.4267121254817,6,6,0,9.80000019073486,0.342501233272064
294,20.2637070490831,9,6,1,12.3000001907349,0.334772618861249
295,16.4984082472104,7,8,0,8.89999961853027,0.491710969564516
296,12.908120566082,6,7,0,10,0.522635924955227
297,14.0585297139948,6,6,0,9.80000019073486,0.152024620373523
298,18.4878129498252,8,7,0,10.34,0.452204942330898
299,17.5058787494619,7,8,1,8.89999961853027,0.577440461999132
300,16.4509357615043,8,7,0,10.1999998092651,0.534401242315253
301,16.2194354521826,7,5,1,9.80000019073486,0.301638858763451
302,18.7963495788505,8,9,0,13,0.646923705550862
303,16.1789947244791,7,6,0,9.80000019073486,0.489803426333838
304,17.6206396782743,7,9,1,7.90000009536743,0.674759624456978
305,17.0346761409869,8,7,0,10.8000001907349,0.648512641337427
306,14.1585927922993,6,4,1,11,0.543283286046046
307,15.1376006105475,7,8,1,9,0.613400677506329
308,16.585133515258,7,8,1,8.89999961853027,0.4619363296251
309,18.0890821050917,7,8,0,8.89999961853027,0.585676990971141
310,11.9714691455603,5,8,0,12.3000001907349,0.318876483803874
311,15.0898520363063,7,3,1,10.6000003814697,0.610739351962784
312,16.6734064793798,7,6,1,10.8000001907349,0.478967853200269
313,12.9329076751649,5,5,1,8.89999961853027,0.699071374619082
314,19.4125941006545,8,8,1,10.8000001907349,0.78513948573863
315,16.3483812273653,6,7,1,10.34,0.606382094152332
316,13.4630214131791,6,7,0,9,0.549121721699969
317,16.4446860690162,7,7,1,13,0.449849911572505
318,13.6891810010827,6,6,0,10,0.460156646199096
319,20.5125881523989,8,8,1,13,0.646796902205928
320,17.0073952110136,7,5,0,14.3000001907349,0.545739023533119
321,16.8772592009076,7,6,1,13,0.533918889322813
322,17.9292535361112,8,8,1,9.69999980926514,0.729466495991882
323,13.3247673620404,6,7,0,9,0.311331022599859
324,17.2446489305882,7,7,0,14.3000001907349,0.502724029280186
325,15.4922579254214,6,7,1,8.89999961853027,0.516580038575795
326,16.103208613517,7,6,1,10.8000001907349,0.401397711683057
327,17.5232532597979,7,7,1,10,0.403319248786452
328,16.3627377029727,7,8,0,13,0.185906717313429
329,12.2894656449798,5,5,1,11,0.608552599106878
330,14.2236324515546,6,7,0,13,0.613920838484249
331,14.8431428874906,6,8,0,9.69999980926514,0.678435470771984
332,12.5265017127414,6,6,0,12.8999996185303,0.549529252493221
333,11.7509481508908,5,5,1,12,0.666790213012759
334,12.8246749433838,5,3,1,12.3000001907349,0.477805678498572
335,17.9092725896068,7,7,1,9,0.340217095165846
336,12.2286082649885,5,5,0,11.3999996185303,0.398985407505444
337,17.4818027983722,7,7,1,9.80000019073486,0.66667556420693
338,15.8202808008558,6,7,1,12.8999996185303,0.436458487112029
339,11.5488927947852,5,1,1,9.80000019073486,0.739165387133979
340,12.7501087976239,6,5,0,13,0.430248881991991
341,18.6008115960914,8,7,1,10.1999998092651,0.37204877112182
342,12.6932157929435,6,7,0,7,0.381705749872331
343,9.37379222052286,4,1,0,9.69999980926514,0.628383424039134
344,13.7834474188066,6,6,1,9,0.704744432225606
345,15.8148098360208,8,5,1,14.3000001907349,0.29218531568286
346,16.0265025077247,7,7,0,12.3000001907349,0.300243501147746
347,9.12301961770161,3,1,1,8.89999961853027,0.788670378376172
348,9.26786127965289,4,2,0,9,0.377845758667171
349,12.2682009831101,6,3,1,8.89999961853027,0.582575947225095
350,16.6340652519317,8,4,1,9.89999961853027,0.532415806719551
351,14.8019400403424,7,5,1,12,0.565680680446351
352,12.4267011008449,5,4,1,8.89999961853027,0.434219502338346
353,17.7759184961566,8,6,0,9,0.215625051724381
354,15.1222359101139,6,5,1,12,0.236723420148453
355,16.3123242070918,7,7,1,9,0.476910696876981
356,14.8038602072571,6,5,0,10.34,0.634473661351587
357,9.91650236397376,4,4,0,8.89999961853027,0.441293707656916
358,17.745885153914,8,8,1,7.90000009536743,0.479032278707927
359,13.0866425960934,6,8,0,11.3999996185303,0.457767842796065
360,12.4548404144994,6,4,1,13.5,0.426052704130514
361,14.4314250489047,5,6,0,7.90000009536743,0.563717299316117
362,13.587968565938,6,6,1,8.89999961853027,0.520202565827349
363,12.6692279960645,4,5,0,9.80000019073486,0.272164421428403
364,20.4665601887346,10,8,1,9,0.561549759021622
365,15.4831925511555,6,1,1,10.34,0.59386728980672
366,11.9375624152621,5,5,0,10.8000001907349,0.559290967960203
367,12.5211991723068,4,6,1,13.5,0.661701973282288
368,12.8265471373209,6,8,0,7.90000009536743,0.525822989514062
369,18.1197467713428,8,8,0,9.97999954223633,0.363422558148998
370,12.755226016269,6,5,0,10.8000001907349,0.534778993710942
371,17.8677975406947,8,8,1,7.90000009536743,0.218423877340029
372,11.4777886065696,5,6,0,13,0.46611539754969
373,14.4050033870306,6,4,0,11.5,0.54155448737356
374,14.3847344168055,6,6,0,12,0.34770718421166
375,15.5155837938476,7,7,1,10,0.471594933891269
376,18.2414100276163,8,6,0,12.3000001907349,0.585026403262342
377,13.0542653356197,5,5,1,10,0.317561154024202
378,15.1471170186208,7,8,1,10,0.283935409132117
379,15.6090088102056,7,8,1,7,0.493312578826175
380,16.9082468738846,8,6,1,13.5,0.694991946538492
381,10.7771196973706,5,2,0,12.3000001907349,0.388747932224693
382,13.3163716670194,6,4,0,9.69999980926514,0.756401294292206
383,18.1408147589723,8,6,1,13,0.59915543771935
384,19.1438487554738,8,6,1,10.8000001907349,0.315180257812281
385,11.625817955249,5,5,1,7.90000009536743,0.741834386863207
386,15.7235237788812,7,2,1,13.5,0.377656255952465
387,13.0557808830066,5,6,1,9.80000019073486,0.428671942265534
388,14.9400343865465,6,8,1,12.8999996185303,0.514857929707091
389,17.214909507384,8,6,0,9,0.852070078206595
390,13.9504781515085,6,4,1,8.89999961853027,0.554760665790218
391,14.9087849585876,6,6,1,9.80000019073486,0.870184010268897
392,13.7434515101383,6,7,0,10.8000001907349,0.39286214325386
393,11.3245529144227,5,6,1,12,0.664079792988767
394,14.4642722535087,6,6,1,11.5,0.326148891942992
395,12.3414146415601,5,1,1,10.1999998092651,0.482702462786226
396,14.9063352802138,7,2,0,7.90000009536743,0.505740783148677
397,13.7462997901822,5,4,0,9.97999954223633,0.520095532080716
398,17.9047697101889,8,8,1,9.80000019073486,0.428034440151171
399,13.5100724639667,5,4,1,13,0.446815898462342
400,14.8974523204199,6,2,1,8.89999961853027,0.739217168178886
401,15.8944164816462,6,8,1,14.3000001907349,0.725745304508783
402,10.7857345422617,4,6,0,12,0.247634446601322
403,14.3630211555785,6,8,1,13,0.528540494157697
404,17.2585009914376,8,7,0,9.69999980926514,0.708251290645479
405,14.9945206241428,7,5,0,9.69999980926514,0.661292336184798
406,11.6048007331218,5,4,1,13,0.616876872061824
407,12.3063409693388,5,4,0,13,0.492006167212572
408,14.9650830875674,6,7,0,9,0.502738020590551
409,19.2504809802345,8,8,1,14.3000001907349,0.478239953584329
410,15.0423534801272,6,7,1,8.89999961853027,0.558115842667521
411,15.4216709526923,7,5,0,9,0.4230552107344
412,13.9817059589537,6,4,1,12.3000001907349,0.625751266789153
413,10.4359150129474,5,2,0,12.8999996185303,0.509451325661254
414,11.1740788180035,5,4,0,12.3000001907349,0.184799722077192
415,10.1329685588636,4,5,1,10.8000001907349,0.386846346507455
416,15.8203017762493,7,5,0,9.80000019073486,0.731110373246269
417,15.0237945830924,6,7,1,7,0.408252418656473
418,12.6641349724764,5,2,1,10.8000001907349,0.623921629605582
419,13.834259948886,6,5,0,10.8000001907349,0.391541065419645
420,13.316169058049,6,7,0,7.90000009536743,0.452849869553262
421,14.8747435355299,6,4,1,10.34,0.601755742187536
422,15.0386465705466,6,6,1,13.5,0.671529510740324
423,14.2419604425294,6,5,1,13.5,0.330322277716905
424,12.2992546260654,6,5,1,10,0.388588821343982
425,12.4631267658474,5,5,0,10.8000001907349,0.363629880806297
426,13.4780243603668,6,5,0,7.90000009536743,0.666991543043382
427,13.1512482993384,5,6,0,11,0.636366861476521
428,12.6567547928986,6,3,0,14.3000001907349,0.676302121665502
429,14.3729674284201,6,7,1,12,0.521245067258017
430,16.4121988886465,7,6,0,10,0.540936624563447
431,16.7278775032462,7,5,1,8.89999961853027,0.372270638730312
432,16.1991015645601,7,7,1,12.3000001907349,0.447712772933389
433,17.9633413598561,7,7,1,10.1999998092651,0.397563706471226
434,11.4460782934105,5,1,1,9.80000019073486,0.620121087777807
435,15.1593505277388,7,6,0,8.89999961853027,0.578046725636185
436,14.4162333262769,6,7,1,10.34,0.318225198217869
437,13.6519679267263,6,7,0,10.1999998092651,0.571052278072789
438,10.7157966479095,4,8,1,11,0.765092400091201
439,8.60669160556712,4,1,1,11,0.260025175308929
440,15.4825016323738,7,8,0,9.89999961853027,0.686572525464036
441,15.925855370664,6,5,1,8.30000019073486,0.425484661653928
442,14.8977149490242,7,8,0,10.34,0.265922638141797
443,16.6700219038153,7,7,1,13,0.598129587665641
444,13.7323511137457,6,7,0,7.90000009536743,0.485112419443727
445,11.5157131697492,5,4,1,12.8999996185303,0.493520978279859
446,12.9971110064243,5,5,0,13,0.278813229087125
447,16.1044671036159,7,6,0,9.80000019073486,0.69825461125536
448,11.1151196253105,5,3,0,9.80000019073486,0.524310272720318
449,16.3634027673084,6,7,1,8.89999961853027,0.927966337712381
450,16.1652867964431,7,7,0,11.5,0.541411211230289
451,13.5350053522762,6,2,1,9,0.448189997492937
452,13.872788814225,5,6,1,13,0.525932250323269
453,16.1995046133045,6,6,1,12.3000001907349,0.734231660239815
454,12.0233312484926,5,5,0,10.34,0.567203162524963
455,13.3137475078444,6,9,0,10.1999998092651,0.469012269892135
456,15.941519130126,7,8,0,12,0.521713168781033
457,16.9276866249051,8,6,0,8.89999961853027,0.713300179003848
458,13.2457574426202,6,6,1,7,0.654410370006508
459,9.69690932864165,5,1,0,9,0.591602817120385
460,13.4317004330071,6,7,0,8.89999961853027,0.566748308468273
461,14.7678368698662,8,4,1,9.80000019073486,0.423832319709039
462,15.8373390976796,8,8,0,9.69999980926514,0.589600557373523
463,12.5618525819182,5,1,1,9.69999980926514,0.57605101069426
464,12.8877514680283,5,8,0,7,0.661166981333323
465,16.3752508974441,7,7,1,12.3000001907349,0.422832397693257
466,11.091414047339,5,4,0,10.3000001907349,0.512864933993109
467,18.2003229682807,8,7,1,8.89999961853027,0.383552856237991
468,10.6904532514439,4,6,0,13,0.249253969145385
469,17.6155784575181,8,7,1,9.80000019073486,0.601534700434568
470,13.3807926379608,6,4,0,7.90000009536743,0.616952692754882
471,16.9532795349469,7,7,1,11.3999996185303,0.493933265609417
472,18.4807337512368,8,7,0,10.6000003814697,0.24122744092007
473,12.9475630406007,5,5,1,7.90000009536743,0.63672557718874
474,13.9120662169698,7,7,0,10,0.306229237288701
475,13.7033354167293,6,6,1,9.69999980926514,0.638796181546293
476,14.0547751259694,6,6,1,12.6000003814697,0.699161207868956
477,14.5680240049144,6,4,1,11.3999996185303,0.389886863383871
478,15.5808287585337,6,8,1,12.3000001907349,0.493659942485261
479,15.4310321608224,6,6,1,12,0.500076361896474
480,14.1374652583851,6,7,0,12,0.620950685091527
481,14.8799826530155,6,7,1,12.3000001907349,0.639428251419977
482,16.9592969394796,8,5,1,9,0.571890392218192
483,15.2399979749871,7,3,1,12.3000001907349,0.606052534066844
484,15.0439590462115,7,7,0,7.90000009536743,0.371391006435185
485,17.7032321463674,7,8,1,13.5,0.452998016794056
486,10.5573044195755,4,7,0,12.3000001907349,0.544387021092193
487,13.4221085531459,5,6,1,10.6000003814697,0.577325986791745
488,11.9799611777952,5,2,0,13,0.440963759532249
489,15.6057019159449,7,7,1,10.6000003814697,0.501755214016951
490,12.6249125292715,6,6,0,9,0.61298089766438
491,11.8771651130629,4,5,0,10.8000001907349,0.283781262614916
492,13.5580569227681,7,6,0,9,0.669827818422419
493,14.625548307049,6,7,1,14.3000001907349,0.673244980518613
494,15.3893727390464,7,5,0,8.89999961853027,0.247178874906772
495,14.444349765553,6,5,1,10.1999998092651,0.298307721862266
496,16.227966093751,7,7,1,9.80000019073486,0.493504561868963
497,11.975082022584,4,6,1,13,0.562854787537138
498,16.3560742003547,7,8,0,10.34,0.233066769214778
499,14.4804486503102,6,6,0,10.34,0.610729639965941
500,10.2245197840639,5,2,0,8.30000019073486,0.53565332986993
501,11.893363163003,5,2,1,12,0.336928063820697
502,13.8934428043317,5,8,0,12.8999996185303,0.540996802490638
503,12.5265810653765,5,7,0,12.3000001907349,0.555074593294688
504,13.1015500760531,6,6,0,13,0.55201280003661
505,11.9707116025917,5,3,0,7.90000009536743,0.778170931931395
506,16.7096583731749,6,8,1,9.69999980926514,0.66204484437751
507,10.259988636916,5,3,0,12.3000001907349,0.753248298337564
508,19.5136970009078,8,7,1,12.3000001907349,0.730607435016613
509,14.7167661729785,6,7,0,10.3000001907349,0.657647877757208
510,17.8093537053666,7,8,1,11.3999996185303,0.399851957324618
511,15.1275343285097,7,4,0,7.90000009536743,0.374562842753384
512,12.2766266326359,6,7,0,10.1999998092651,0.404765443447095
513,15.1019966802379,6,5,0,12.8999996185303,0.52496805819509
514,15.3232297074152,7,6,1,13,0.610415588979911
515,18.654464476217,8,7,1,11.5,0.766140200247473
516,18.5238346057917,8,8,0,11,0.325900271213976
517,19.5431717567016,9,9,1,8.89999961853027,0.414590956421799
518,14.9688393142312,6,6,0,11,0.424033397600914
519,13.4844003329549,6,7,1,7,0.446446328938912
520,14.9187339070821,6,6,0,12,0.355937136913353
521,11.3000316420647,4,6,0,9.69999980926514,0.635495392433273
522,12.9529028050157,5,8,0,9.80000019073486,0.707572340916149
523,12.8410391455526,5,7,0,12,0.211355013832896
524,12.8122887079954,6,6,0,8.89999961853027,0.464899592492332
525,11.022539696712,5,6,0,9.80000019073486,0.733183661029104
526,13.8239801303057,6,5,1,12,0.47262306472772
527,16.3692828128576,8,6,1,11.5,0.579661366526399
528,15.6618109885165,7,7,0,9.69999980926514,0.575088579354726
529,14.2197077329443,6,7,0,12.8999996185303,0.26680121024871
530,15.6555031979289,7,7,0,10.8000001907349,0.720681281750167
531,14.8714629615156,6,6,1,10.8000001907349,0.51015757548904
532,15.8832753961612,7,6,1,11,0.493307679399358
533,13.4484859247826,6,6,1,8.30000019073486,0.691228378590873
534,15.1700159044888,6,5,1,12,0.242394213789674
535,15.9249846192016,7,7,1,9,0.496494743822982
536,13.0835836065149,6,6,0,8.89999961853027,0.607666851997763
537,15.0404785089079,6,7,1,10,0.686924934716281
538,13.8686867502141,6,7,0,10.8000001907349,0.378670215095171
539,13.39844225866,6,6,0,10.34,0.592845881904976
540,16.1866544216312,7,6,0,12.8999996185303,0.613608166598949
541,17.9556589194582,7,7,1,8.89999961853027,0.791545944520609
542,14.2503099669099,5,8,1,9.89999961853027,0.47739027113285
543,11.4971828777148,5,5,0,12.6000003814697,0.416324196365714
544,12.6176638990936,6,4,1,13.5,0.677445957785582
545,13.791856060302,5,6,1,12.3000001907349,0.576054414418704
546,15.5103684314148,6,8,0,10,0.722715616485491
547,15.7252307908589,6,6,1,10,0.598779933719536
548,16.3184183606609,7,6,1,8.89999961853027,0.482130853747018
549,12.3234051102256,5,7,0,9,0.282236239819598
550,18.1584842517539,7,7,1,11.3999996185303,0.429442792521943
551,13.7662893454059,7,3,1,7,0.725436622195981
552,14.6397141771626,6,7,0,11.5,0.471786994796579
553,15.4850978603928,6,6,0,12.3000001907349,0.419255977296034
554,13.5553985119186,6,5,1,10.8000001907349,0.477185658199566
555,15.2244946604435,6,7,0,14.3000001907349,0.335668192607376
556,13.1523549267444,6,6,0,10.34,0.326594011481271
557,19.1299871748791,8,6,0,12.6000003814697,0.725999042704261
558,13.6839093397584,7,3,1,13,0.544953887832826
559,16.7554961788352,7,7,1,8.89999961853027,0.494447707789433
560,10.7888685859253,5,6,0,9.97999954223633,0.31485364782736
561,11.9200855997024,5,3,1,8.89999961853027,0.409291442113682
562,15.7684695192505,7,5,1,9.69999980926514,0.401210633301028
563,16.8260748033869,7,6,0,9,0.672583902188823
564,13.1587835409564,6,5,1,8.89999961853027,0.513931411646833
565,14.9376707794642,6,7,0,12,0.178093952463317
566,14.0110743666829,5,6,0,12,0.577888702420963
567,10.689032583828,4,2,0,9.69999980926514,0.619254237977734
568,13.387361306174,5,6,1,12,0.484095667326498
569,18.5868920464993,8,7,1,13,0.484796861239192
570,10.1602350273131,5,1,0,8.89999961853027,0.488192869080343
571,14.400050284766,6,6,0,9.97999954223633,0.447528641318256
572,13.2917086812748,6,1,0,12.3000001907349,0.119891362687633
573,18.6055169106578,8,6,1,10.34,0.409667537149151
574,15.2070527479473,6,7,0,13,0.649373887944171
575,12.4416851983212,6,6,0,10.6000003814697,0.513810202992194
576,17.8689967478346,7,7,1,12.6000003814697,0.529876449761078
577,12.7612945111961,6,2,1,12.8999996185303,0.502189006824182
578,17.2802357142234,7,7,0,12.3000001907349,0.679659118344311
579,12.3304237903182,5,4,0,10.1999998092651,0.448247110377513
580,12.977934303714,5,5,0,10.8000001907349,0.275805990045077
581,11.5966545210085,5,1,1,12.3000001907349,0.567576964841213
582,14.6216217373807,6,3,1,13,0.776356357732328
583,13.1640210557882,6,6,0,10.8000001907349,0.533480137129934
584,11.1131672023362,5,2,1,10.1999998092651,0.442090109459232
585,14.3075622266216,6,8,0,7,0.634684072541383
586,15.9963026656015,7,8,1,9,0.31307902249215
587,16.2995883144474,8,5,0,9.80000019073486,0.147919004154412
588,15.2603592997074,6,7,0,8.89999961853027,0.712414260125112
589,16.038285167999,7,6,1,11,0.535328957150508
590,15.2040751903335,7,7,0,8.89999961853027,0.417317881678078
591,13.0634017718799,6,3,1,9.80000019073486,0.515398539525445
592,19.6178826268327,8,7,1,12.3000001907349,0.687941220021107
593,12.8997430067882,5,7,0,8.89999961853027,0.562079530868331
594,14.5709230543926,6,3,1,7.90000009536743,0.421872731419403
595,17.588670194392,8,7,1,9.80000019073486,0.403710725180567
596,11.2760781247478,6,4,0,9.80000019073486,0.215487323172036
597,17.9379753187561,7,7,0,13,0.585316501790507
598,13.3898890482517,6,6,0,9.89999961853027,0.362450949818224
599,15.9031271871256,8,3,1,9.80000019073486,0.414053240012087
600,13.1455906102405,5,4,1,9.89999961853027,0.392644328963405
601,14.0956448631519,6,4,1,8.89999961853027,0.610898116953712
602,14.1754289902956,6,7,0,9.97999954223633,0.441037950320097
603,17.4931377209231,8,8,1,10.6000003814697,0.676390606029663
604,17.4675737303957,8,7,0,12.8999996185303,0.483745112056703
605,12.8983546798118,5,6,0,9.97999954223633,0.401811257409426
606,17.592906501572,7,8,1,8.30000019073486,0.57313205836515
607,15.3058368503727,6,8,1,7,0.296742434575523
608,11.8334355236784,5,5,0,9,0.623082362886026
609,17.9395685040495,9,6,0,7.90000009536743,0.593229391553902
610,14.612278786074,6,4,0,13.5,0.489413340189852
611,16.7211722404294,7,8,1,11.5,0.542235273487022
612,13.6176607058527,6,2,0,12,0.623173070604303
613,15.8422155554017,7,7,1,13,0.467800165278614
614,13.1407281445083,5,4,0,11,0.584442426173686
615,14.7437499946066,6,6,0,8.89999961853027,0.637269787448516
616,13.2449663091035,4,6,1,12.3000001907349,0.557232924331002
617,12.6010670697259,5,5,1,11.5,0.499558265874024
618,10.7966127065576,5,4,0,10.34,0.468939706323465
619,13.5677413177559,5,7,0,8.89999961853027,0.416239381983247
620,14.0737151763144,6,5,1,9.80000019073486,0.863986224849663
621,17.238164337831,7,8,1,13.5,0.341830865806008
622,14.2849612276627,6,6,0,13,0.390195421497794
623,16.4321888750243,7,4,1,12.3000001907349,0.193479135561554
624,14.0537348309403,6,3,1,14.3000001907349,0.614027370976484
625,14.1531873954071,6,5,0,9,0.497098250653048
626,14.7376588709288,7,5,0,13,0.550732823029008
627,16.1303153233298,7,6,1,13.5,0.32268239466043
628,16.2970383286562,7,4,0,11,0.468073832475111
629,14.9275138672152,6,6,1,13,0.624993222990006
630,9.84882613779743,4,2,1,8.89999961853027,0.598368465116015
631,12.0908324100865,4,6,1,12.3000001907349,0.654692983691192
632,15.2249117313829,7,2,0,10.8000001907349,0.489560949205047
633,16.5234678293571,6,7,1,10.8000001907349,0.751601101262217
634,10.9901667235278,5,2,0,7.90000009536743,0.681703078135151
635,14.8667526820192,6,6,1,11.5,0.248675938788012
636,10.2318800861555,4,6,1,9,0.379591953141001
637,17.4700162765352,7,8,1,7.90000009536743,0.259606477115207
638,13.3292346282563,6,6,0,10,0.619141884006954
639,15.4640019026556,6,7,1,9.69999980926514,0.423168333462674
640,13.1784085925783,5,5,0,12.3000001907349,0.132058078522873
641,11.0357713610477,4,3,0,12.3000001907349,0.358758309378572
642,19.0356999894622,7,8,1,12.3000001907349,0.735949473085776
643,18.5710736299508,9,7,0,9.69999980926514,0.506604195834298
644,14.7490508212831,6,6,0,13.5,0.260948196692556
645,13.0743436117078,5,5,0,10.34,0.303467663175108
646,17.0463482211604,7,7,0,8.89999961853027,0.306075600589452
647,17.0209567220238,7,7,1,9.97999954223633,0.428838251198515
648,19.3365344209652,8,7,0,13,0.688293339990326
649,14.5061562636643,6,6,1,12.8999996185303,0.39925862101942
650,14.1714051084453,6,5,1,11.5,0.76054333945327
651,17.3709003519959,8,7,1,9,0.74758331346611
652,17.5077237216264,8,7,1,10,0.346816448560451
653,11.1163059683934,4,3,0,12.8999996185303,0.666243842395206
654,13.9628788156675,5,6,1,13,0.507779040425133
655,13.6409297906594,5,6,0,8.30000019073486,0.463825582292216
656,13.2133961399539,6,6,0,10.6000003814697,0.698957519771794
657,15.5808687482853,7,7,1,8.89999961853027,0.655161057692699
658,12.9263502015425,5,4,1,12.6000003814697,0.550134065404244
659,14.120556251662,6,7,0,10.34,0.652314272297178
660,14.1226374709668,7,5,0,11.3999996185303,0.420283200342432
661,10.8767923286553,5,1,0,11,0.458754132361583
662,10.9355493692978,5,6,0,8.89999961853027,0.623879763478521
663,10.8085760845644,4,4,0,12,0.617409025793683
664,12.3231632835178,6,5,0,8.30000019073486,0.690742200156391
665,15.3152001143453,7,8,0,12,0.702743655706727
666,14.5794110899377,6,7,0,8.89999961853027,0.483400728269976
667,14.8894102320276,6,8,0,10,0.117080451172035
668,11.6557157705462,6,3,1,8.89999961853027,0.563040539433793
669,13.0305317383144,6,5,0,10.3000001907349,0.399771654395993
670,14.0718153034704,6,5,0,10,0.583897347575252
671,14.7507117747387,7,5,0,7,0.589780072047757
672,16.4721329363294,7,5,1,9,0.384105502601194
673,15.4427046921677,7,6,1,9.80000019073486,0.578480721027627
674,17.1019165574467,7,8,1,13,0.567202035581334
675,17.6975263279129,8,8,1,10.6000003814697,0.410693327455943
676,16.2623064423243,7,6,0,9.97999954223633,0.296082272779277
677,17.3038917375384,7,8,1,10.8000001907349,0.383595794827757
678,15.5490182853663,6,7,0,13,0.480030481805692
679,16.1191079451454,6,2,1,13,0.652174595806113
680,14.9448471165807,7,7,0,13,0.453151060983693
681,14.8630118444594,7,7,1,10,0.406224690296776
682,10.3672661446388,4,1,1,7.90000009536743,0.79473101024584
683,13.3302014630417,6,6,1,12,0.57248116636561
684,12.4309678425998,5,7,0,12.6000003814697,0.613105444838909
685,19.2934176704498,8,8,1,10.6000003814697,0.250353373134939
686,16.645808606822,7,7,1,11,0.589883428289837
687,16.0033318966634,7,7,0,8.30000019073486,0.682471438564127
688,15.2581350168165,7,7,1,8.89999961853027,0.666431407658287
689,18.1169914482748,7,8,0,8.89999961853027,0.405853028117904
690,16.588545090001,7,5,1,12.3000001907349,0.523343807818689
691,13.6112615088604,6,2,1,11.5,0.543812593890806
692,12.3061640660403,5,6,0,10.34,0.422607284696351
693,16.6689898134516,7,6,0,12.3000001907349,0.378458303485987
694,13.0895023040244,5,5,0,10.6000003814697,0.548032650741666
695,15.6740148863755,6,7,1,12.6000003814697,0.368825800785396
696,16.7583066544437,7,6,1,10.8000001907349,0.440636479232943
697,13.7360883364698,5,6,1,7,0.855118803602555
698,17.3003151509378,7,7,1,12.3000001907349,0.554500968597011
699,15.6973912594832,7,5,0,9.80000019073486,0.545616391002335
700,12.3747130001477,6,6,1,8.30000019073486,0.492039584868473
701,18.0032541449561,8,8,0,9.69999980926514,0.395242767428874
702,17.1011790215441,7,6,1,13,0.503836140674085
703,13.2053212178792,6,8,0,9.89999961853027,0.634712038984109
704,12.4771287665902,5,4,1,10.6000003814697,0.441674139377703
705,10.4858589244386,5,6,0,8.89999961853027,0.525937503389369
706,17.2771201071737,7,9,0,11.5,0.777613918401319
707,16.0939789985994,7,5,1,9.80000019073486,0.574623202846505
708,14.5972988877428,6,5,1,8.89999961853027,0.360030090098857
709,11.7540302040053,5,2,0,8.89999961853027,0.421381733477372
710,16.4222282981207,7,8,0,10.34,0.460464254834159
711,9.60264576826419,4,3,0,13.5,0.68342861703048
712,17.4808308449763,8,7,1,12.3000001907349,0.520129197184687
713,15.1375973683008,6,7,1,10,0.335968960570295
714,18.0324121351097,8,8,1,7.90000009536743,0.198168972818108
715,13.6447433000591,6,7,0,10,0.403398111346853
716,14.03615131108,6,8,1,12,0.329897995924137
717,19.4534467016924,8,5,1,9.89999961853027,0.480058204622142
718,15.6931047325292,7,7,1,13,0.397976086111215
719,18.5859873997641,8,7,1,12.3000001907349,0.676725042504429
720,8.96896217832857,5,1,0,8.89999961853027,0.614874712813869
721,13.8212407392417,6,7,0,10,0.57966591652666
722,14.5525478320801,6,8,0,11,0.606443472714627
723,13.9962990478258,6,4,0,12.8999996185303,0.542371337498952
724,10.8213243878374,4,5,0,8.89999961853027,0.387828756489671
725,12.4029475026508,6,5,1,10.3000001907349,0.21293034819289
726,17.7894839092602,7,6,1,9,0.515246014847629
727,8.36327612758076,4,2,1,7.90000009536743,0.560556398139203
728,11.7438549302012,4,6,0,13,0.327525983276977
729,15.8624568186541,7,8,1,9,0.216222033055757
730,16.5409804625539,8,2,0,10,0.66004787828572
731,17.0594461286343,7,7,1,8.89999961853027,0.740625541503462
732,14.8451990885977,6,6,1,10.8000001907349,0.39043578754989
733,14.6046449392441,6,7,0,13,0.561968614827474
734,11.1732793384296,5,7,0,11,0.685571624877532
735,11.7658516077698,5,2,1,9,0.601781497067482
736,10.3370549677866,5,3,1,9.80000019073486,0.445607228833197
737,12.951144034627,5,6,1,7.90000009536743,0.286103708314496
738,19.1468282935155,8,7,0,10,0.730480138141257
739,11.3569130067574,4,5,1,12.3000001907349,0.477006587207816
740,13.4968033643768,5,5,1,7.90000009536743,0.183498755329929
741,16.3306452691278,7,7,1,9.89999961853027,0.530893877279729
742,17.4942328616185,7,9,1,14.3000001907349,0.329723715994334
743,14.0005449092029,6,5,0,9.80000019073486,0.40703394199625
744,16.1165011029227,7,7,1,9.80000019073486,0.209572911103247
745,13.7997831786637,6,4,1,12.3000001907349,0.546006452157918
746,17.1297703064152,7,7,1,11.5,0.567718795960147
747,14.0611084969774,7,5,1,10.8000001907349,0.388594562536579
748,15.9812365894734,7,6,0,12.6000003814697,0.363946886886552
749,15.8914757300739,7,6,0,12.3000001907349,0.555301846131705
750,14.5175762385963,5,7,1,8.89999961853027,0.0907444452961061
751,12.1506578023891,5,5,1,10.1999998092651,0.43345237400258
752,15.7346967599144,7,7,1,8.89999961853027,0.282451876623997
753,19.3743620334055,8,8,1,13,0.396955613728294
754,12.0459523793246,5,6,0,11.5,0.402011884596725
755,15.4864193224316,6,8,1,10.8000001907349,0.58216202175836
756,10.8792580987117,4,6,0,8.89999961853027,0.35340467543903
757,16.9812817090521,8,7,1,9.97999954223633,0.628252424122482
758,15.1635010410321,6,5,0,13,0.360664353600402
759,13.7849584163061,7,7,0,9.80000019073486,0.290296580364777
760,14.7297773984343,6,6,0,7,0.548214329974499
761,14.8560127520907,5,8,0,12,0.502515623420434
762,13.9859841978229,5,7,1,11,0.466536886738959
763,14.6085317631378,5,5,1,10,0.455991530616789
764,14.3430203140298,6,5,1,9,0.344383753309842
765,14.0263602271673,6,7,1,10,0.43203219342098
766,16.6038689295778,6,7,0,12.3000001907349,0.376963820520515
767,14.3585010991673,7,4,0,10,0.421954914681352
768,12.9535918480863,5,7,1,9.69999980926514,0.406291153931732
769,16.3643513599219,7,8,1,8.89999961853027,0.57547780626094
770,13.0613066400422,6,4,1,12,0.376041290732993
771,15.8510096624142,6,7,0,12.3000001907349,0.600690360479161
772,15.0404903412932,7,2,1,9.97999954223633,0.560325131893167
773,16.9386838560717,7,8,1,10.8000001907349,0.916905440433178
774,14.1220689791679,6,4,1,12,0.663583452414026
775,12.4185719198387,5,7,0,13,0.145667435709544
776,12.6188826551628,5,5,1,12.3000001907349,0.334043284731599
777,13.6993205902109,6,6,0,12.3000001907349,0.532841827807074
778,18.0214587406211,8,7,1,9.69999980926514,0.558570028446706
779,12.9726930242659,6,8,0,9.69999980926514,0.450825794535662
780,12.3568856433186,6,7,0,11,0.611887132935516
781,13.3369482015503,6,6,0,12,0.085508437709215
782,11.557856232938,4,2,1,8.89999961853027,0.471895250521573
783,12.6878754726854,4,8,0,10.34,0.636449783907554
784,13.4699735977161,6,4,1,12,0.740954835679863
785,14.7616684268114,6,7,0,12,0.494101682546064
786,15.0490752428892,6,7,1,8.30000019073486,0.602097702527185
787,19.0058470799061,8,8,1,8.89999961853027,0.730647063752021
788,15.8537673122893,6,6,1,10.3000001907349,0.475457072157121
789,15.5631259294328,6,6,1,10,0.442552911722369
790,17.3934807015061,7,7,1,9.97999954223633,0.473059826688927
791,16.411302235792,7,7,1,12.8999996185303,0.557545650446529
792,15.0356397697671,7,6,0,8.89999961853027,0.567481304189243
793,11.6776708472384,6,4,0,10.34,0.132288629555311
794,18.4629959938706,7,7,1,12.8999996185303,0.657938219859733
795,15.7044238722006,6,6,0,10,0.686098203855921
796,16.7930683633622,7,6,1,10.3000001907349,0.533506568218773
797,10.9949892539973,5,7,1,12.3000001907349,0.736177933925192
798,11.2619842599698,6,1,0,8.89999961853027,0.372140130811982
799,13.9799518487062,6,2,0,13,0.395595213127388
800,16.7495378628861,7,8,1,11,0.543190111366959
801,13.4390217951434,6,8,0,13,0.624499410422485
802,14.8382336071656,6,4,0,9,0.525018439908438
803,16.2221462329752,7,8,0,14.3000001907349,0.256698104577794
804,12.1901839190679,6,6,1,13,0.461842594148521
805,18.7616403666975,8,8,0,13.5,0.536011835295391
806,17.8604771403572,7,2,1,14.3000001907349,0.422563791631011
807,13.4715360980492,6,5,1,11,0.574303634416138
808,11.3936323261452,5,3,0,8.89999961853027,0.645013817947373
809,13.0963659246642,5,5,1,12.3000001907349,0.367686732625283
810,15.3369824585207,7,7,0,7.90000009536743,0.333689028711119
811,12.5215798424398,5,7,0,12.8999996185303,0.265135225324017
812,15.1689722723045,7,7,1,9.89999961853027,0.567475180251914
813,13.8185204485247,6,5,0,8.89999961853027,0.55408748240906
814,16.8368509185731,7,5,1,11.5,0.642499266943622
815,9.96029827587152,4,3,0,11.5,0.591272101821657
816,12.6814372011147,5,3,1,12,0.639987468032402
817,15.6018425697717,7,7,1,8.89999961853027,0.505339009952438
818,12.291181801165,5,5,0,12.3000001907349,0.669537422723704
819,17.0008260042006,8,6,0,13.5,0.657085449178864
820,15.4213934896643,7,8,1,9.89999961853027,0.36310508792886
821,16.3539562227962,6,6,1,8.89999961853027,0.36068495677183
822,14.1398670227341,5,9,1,11,0.542820276023008
823,13.430452937352,6,5,0,8.89999961853027,0.510752543451511
824,16.0581088236756,6,6,0,9.69999980926514,0.529443372371076
825,13.6592272124702,6,7,1,13,0.626760805749486
826,15.990522567545,7,6,1,13,0.378337901111225
827,13.5981984676219,6,7,0,10,0.516048640546272
828,13.42533761966,5,4,0,9,0.585377068574908
829,12.7443802110279,5,8,1,9.80000019073486,0.642515251888055
830,17.0119309083943,7,7,1,12.3000001907349,0.728524091347847
831,12.9058391664829,5,6,0,8.30000019073486,0.362811868191836
832,13.4830614294555,6,5,0,7.90000009536743,0.435394734967901
833,12.0497432343483,5,3,0,12,0.562407780028456
834,15.1738028254703,6,5,1,12.3000001907349,0.351190800953968
835,13.543253169205,5,4,0,13,0.632678364520776
836,14.869033469755,6,5,1,9.69999980926514,0.676602095131225
837,18.3580783142751,8,7,1,10,0.409325778713068
838,10.4593564965615,5,6,0,12,0.28334648492294
839,16.6195296298914,6,8,1,13,0.413485372775336
840,8.31683577765912,4,2,0,10,0.622399285497043
841,14.6921812937269,6,5,1,12.3000001907349,0.534030019840488
842,16.7738373334124,8,7,0,11.3999996185303,0.425787137745276
843,19.7410242692032,9,8,0,7,0.556033739320288
844,17.2980111511357,7,5,1,14.3000001907349,0.500535372760744
845,17.5131077037368,8,3,0,12.3000001907349,0.596666970413761
846,12.3920375663931,4,7,1,9,0.464322053897194
847,19.9832289418609,8,8,1,10.1999998092651,0.366672763373032
848,16.1549881898955,7,9,1,10.34,0.508358575012974
849,17.511073726026,7,7,0,13,0.638036299540347
850,6.68041356972611,3,3,0,12,0.459208849977562
851,15.606292037311,6,8,1,8.89999961853027,0.207298540550473
852,13.1293933183392,6,2,1,8.30000019073486,0.418547122899361
853,10.3578303865704,5,5,0,7.90000009536743,0.208907296972264
854,11.9199979900818,5,7,0,13,0.290020183032827
855,14.3353213897375,6,8,1,9,0.266831942234031
856,17.2693850756973,7,6,0,12,0.766307775222161
857,15.0873609105206,6,7,1,9.89999961853027,0.65755460559253
858,14.6340859987544,5,8,1,10.1999998092651,0.458589912354655
859,15.2336031810228,7,9,0,10.8000001907349,0.68568044154742
860,10.7472504256954,4,5,1,13,0.329614869949749
861,15.6510614676808,6,7,0,8.89999961853027,0.642510444964155
862,17.9478531628858,8,8,1,13,0.605470898036923
863,16.9022037536289,8,6,0,10.3000001907349,0.573738280000774
864,10.8717559094674,4,6,1,9.97999954223633,0.437621263878411
865,17.1399979845166,7,7,0,7,0.512473063988866
866,12.203658628885,5,5,0,11,0.266011279984791
867,15.4706610642699,7,4,0,8.89999961853027,0.580466295487627
868,17.5175198338688,7,8,0,12.3000001907349,0.49380594496089
869,13.6992838232682,6,5,1,8.89999961853027,0.380674878744584
870,18.3376377182572,8,5,0,12.3000001907349,0.345353872492434
871,14.290594280736,6,8,0,10,0.59482432329332
872,16.2514867274146,7,7,1,12,0.45059706222226
873,10.5739366192183,4,5,1,10.8000001907349,0.141046751221222
874,15.5455689245063,7,7,0,10.3000001907349,0.613472608009356
875,16.6957815092103,8,8,0,9,0.613666255849769
876,14.4264346527015,6,5,1,10,0.718231312941462
877,17.3067580006904,7,7,1,11.5,0.171651044231173
878,14.2361092172887,5,6,0,13.5,0.628306845454874
879,15.4362501810165,6,5,0,13,0.547681525711609
880,10.3774202860941,5,2,0,10.8000001907349,0.456398852507527
881,12.6173671743013,5,5,1,9,0.698331640768844
882,12.1435838825581,5,5,0,12.8999996185303,0.603161531652372
883,11.2185135291456,4,6,0,13.5,0.299160913681724
884,16.9427659635514,7,9,0,8.89999961853027,0.513061715030485
885,15.2791781808565,6,8,1,7.90000009536743,0.620954443644892
886,13.3478377148607,6,5,0,12.3000001907349,0.635892028564406
887,11.775811185051,5,4,1,9.97999954223633,0.256025107338667
888,12.3457027478764,6,2,0,9,0.422894124184394
889,13.5199985204448,5,5,1,13,0.840387515088492
890,9.36827874445435,4,7,0,12,0.428049177762567
891,14.2644713337734,6,1,1,8.89999961853027,0.53210782374128
892,16.4475274752866,8,6,1,8.89999961853027,0.309999526750136
893,12.5577157427381,5,2,1,9.89999961853027,0.50945409000482
894,14.8106191421785,7,2,0,13,0.568836488160292
895,15.0582190739916,6,7,1,10.8000001907349,0.636483301606877
896,15.8879627856489,7,6,0,8.30000019073486,0.452717345436558
897,17.0729840795877,7,4,1,9.80000019073486,0.574203640653673
898,14.0631048483236,5,6,0,8.89999961853027,0.456690961086596
899,13.3685582441502,6,5,0,13,0.332433520954358
900,17.0611344953919,7,8,0,11.3999996185303,0.482500596446719
901,15.5398237637426,7,6,0,8.30000019073486,0.420930968436672
902,14.0127383081017,5,5,1,12,0.687991944012803
903,15.6697227785828,8,5,0,9.97999954223633,0.299178059671894
904,8.03734364372333,3,4,0,10.8000001907349,0.595472258789357
905,17.0755198327758,8,7,1,13,0.516091952751117
906,14.9602257558744,7,6,0,7.90000009536743,0.495945987999409
907,16.3956155463159,8,8,0,9,0.335185823674661
908,10.5623436080763,6,2,0,9.80000019073486,0.522418162352292
909,18.3052803234655,8,8,1,9.97999954223633,0.595871692499072
910,16.2212181383318,7,7,0,10,0.631042862989994
911,16.2386312633947,6,8,1,10.8000001907349,0.572681711739674
912,12.6218042178087,6,6,0,13.5,0.471914100087172
913,11.4409053378572,4,5,1,10.8000001907349,0.530384120754202
914,16.3550990451625,6,8,0,13,0.33941954538081
915,13.7623869498161,6,4,1,9.97999954223633,0.44947025939686
916,15.041038394306,7,8,0,9.80000019073486,0.501044188692354
917,16.6443070376341,7,6,1,12,0.408630753849217
918,12.9111096879869,5,1,1,8.89999961853027,0.651639151590284
919,15.1334528212559,6,4,1,14.3000001907349,0.581407089245288
920,18.0846204771555,8,8,1,9.80000019073486,0.629316847652792
921,16.8815348572193,7,6,0,10.8000001907349,0.54261900277602
922,18.4854463401704,8,8,0,13.5,0.230691690337678
923,11.9349887810628,6,5,1,9.97999954223633,0.504071724079284
924,12.3774004243167,6,7,0,12.3000001907349,0.48729940224539
925,13.3527342752867,5,2,1,11,0.41538984202838
926,12.5675969236753,6,6,0,13.5,0.440369297904345
927,11.1908149224021,4,6,0,7.90000009536743,0.365508897649641
928,12.2965290295119,5,3,1,10.3000001907349,0.562565190845781
929,12.2582252370988,4,7,0,10.8000001907349,0.366759867435264
930,17.5047247842917,8,7,0,9.80000019073486,0.62362809109246
931,10.5958172203098,5,1,0,8.89999961853027,0.631075751009744
932,16.0789610560798,7,8,1,8.89999961853027,0.869861621333915
933,14.2300976360349,6,2,1,11,0.471962480938333
934,13.4254866046072,6,3,0,9.97999954223633,0.690788953808801
935,18.6123860286266,7,8,1,9.80000019073486,0.340366351632734
936,10.2424551345975,5,2,0,12,0.427231644826796
937,14.8031066866582,7,6,0,10.8000001907349,0.822482865752073
938,14.4106757295187,7,5,0,9.80000019073486,0.389544769783982
939,13.6361029689071,6,3,0,10.34,0.623681564510993
940,18.275613631246,7,8,1,11,0.481427524607719
941,15.9293684671902,6,7,1,11,0.672170825001759
942,13.6051409049519,6,6,0,10,0.589655195155578
943,12.8979451309728,5,5,1,13,0.670641040368786
944,18.5696962395606,7,7,1,14.3000001907349,0.631026015495839
945,13.5736397506914,6,7,0,10.1999998092651,0.616644639828634
946,16.2046129494146,6,6,1,13,0.401412432774661
947,16.147685572267,8,2,0,11,0.833036431556758
948,12.9953277772503,6,8,0,10,0.853377348311356
949,15.3394996181362,7,5,1,13,0.469224625237107
950,15.4492008399936,7,4,1,8.30000019073486,0.652456429700547
951,12.8478362235931,5,3,0,14.3000001907349,0.673790477792889
952,11.9936376853093,5,1,1,9.80000019073486,0.495430090426514
953,13.1212244640249,5,5,1,10,0.558743502751657
954,12.563159029161,6,5,0,11.3999996185303,0.661523818403295
955,11.3128114604307,5,2,1,9.89999961853027,0.325034956414801
956,19.002244268872,8,7,1,13,0.356244115466164
957,12.434350989563,5,7,0,10,0.615437584021379
958,14.1202266295445,6,4,1,10,0.71370239023192
959,14.7435124377141,6,5,1,8.89999961853027,0.299523204550283
960,12.79932357118,4,6,1,8.89999961853027,0.440473359384222
961,18.674585560654,8,5,1,12.8999996185303,0.352633123717526
962,15.3982851810397,7,2,0,8.89999961853027,0.261524786710305
963,15.6429055893754,7,6,0,10.6000003814697,0.215804604929911
964,13.9401579271839,6,5,1,9.80000019073486,0.499426115125037
965,14.9108087497704,6,6,1,8.30000019073486,0.454485635644347
966,16.6884993122179,7,6,1,9.97999954223633,0.334756825447502
967,13.3466745202801,6,7,1,8.89999961853027,0.545366862925261
968,14.6684426713754,6,7,0,11,0.427610312384564
969,15.647315965174,7,6,0,12.3000001907349,0.481200281555678
970,13.4462641696628,5,8,0,9.97999954223633,0.411657856141161
971,16.5270370329112,7,5,0,12.8999996185303,0.54598931454108
972,13.4152544870146,5,7,1,11.3999996185303,0.588236301415761
973,16.5904312145717,7,8,0,10.8000001907349,0.159331543939132
974,16.690712891895,7,8,1,11,0.619504895881573
975,12.1680375159795,4,2,0,13,0.620395724017245
976,15.1592520701607,6,6,0,8.89999961853027,0.703635648770944
977,13.2786653120776,5,5,1,12,0.51352684569583
978,10.4189236577707,4,4,0,8.89999961853027,0.62567634707535
979,13.9018884448523,6,4,1,10,0.414979768859781
980,16.8951572235409,7,5,1,12.3000001907349,0.634859537749069
981,12.3810468681622,5,4,0,13,0.428389570599003
982,15.1534433515618,7,6,1,10,0.645770507195043
983,16.4853882794314,7,8,1,11.5,0.413660150097635
984,13.5407908718229,5,9,1,9.80000019073486,0.504210216593046
985,16.3480195652674,9,6,0,10,0.47071949758848
986,14.2448360286752,7,5,0,9.80000019073486,0.429861275482556
987,15.6843200967751,7,7,1,9,0.355174102642135
988,15.59276084569,7,8,0,9.69999980926514,0.668414930664805
989,14.484797520465,7,2,1,8.89999961853027,0.420819008489952
990,17.8580620646369,7,8,1,10.8000001907349,0.707900009234055
991,17.6165363288435,8,9,1,10.1999998092651,0.515315933955973
992,16.7544884324409,7,8,0,8.89999961853027,0.408141589552308
993,17.5783532025939,8,8,1,9.69999980926514,0.579604064558097
994,17.634819553083,7,6,1,14.3000001907349,0.619850455756392
995,11.5765827281837,5,5,0,12.3000001907349,0.721799566889324
996,10.5292290446357,4,3,1,12.3000001907349,0.644208591261219
997,14.3187162792944,6,5,0,10.1999998092651,0.192556488348847
998,15.9194638140419,7,8,0,12,0.332921508795331
999,14.0321339172539,5,5,0,12,0.628572391130129
1000,14.5452512220308,5,6,0,13,0.38373114326893
